DATE,DA-24(kWh),DA-DT(kWh),DA-PT(kWh),TTV(kWh)
4/1/2025,14.37,14.97,13.7,696542200
4/2/2025,12.62,12.4,10.72,692506550
4/3/2025,13.45,13.28,11.13,720719200
4/4/2025,11.62,10.33,8.38,735519050
4/5/2025,10.43,9.23,7.82,697476800
4/6/2025,9,7.2,5.01,659639750
4/7/2025,9.65,8.1,5.39,716456600
4/8/2025,9.95,8.64,6.76,716571450
4/9/2025,9.92,8.39,5,723698500
4/10/2025,12.72,13.06,13.14,662364400
4/11/2025,10.5,9.36,7.93,686229350
4/12/2025,8.51,6.59,3.28,673246000
4/13/2025,10.08,9.5,7.09,614499150
4/14/2025,10.13,9.68,7.69,690059000
4/15/2025,11.1,10.88,8.38,705239600
4/16/2025,8.64,6.7,2.19,730155050
4/17/2025,7.62,5.43,1.21,710202850
4/18/2025,9.75,9.02,7.6,702245700
4/19/2025,6.45,4.53,1.01,692626850
4/20/2025,8.38,8.25,6.87,660630350
4/21/2025,7.55,6.33,2.47,729405600
4/22/2025,10.02,9.96,8.91,716383300
4/23/2025,12.86,14.53,14.77,669190650
4/24/2025,9.47,8.81,7.08,706508250
4/25/2025,10.12,9.84,8.35,696217450
4/26/2025,6.61,4.26,0.18,681786450
4/27/2025,6.62,5.24,1.81,663649750
4/28/2025,11.37,11.55,11.21,656768450
4/29/2025,7.32,5.27,0.51,676369700
4/30/2025,7.89,6.41,2.96,702591450
5/1/2025,9.89,8.45,7.42,690417700
5/2/2025,11.17,11.05,10.36,627319200
5/3/2025,7.05,5.22,0.18,657848700
5/4/2025,6.51,4.6,0.01,654786350
5/5/2025,6.36,4.58,0.52,649806200
5/6/2025,11.06,11.82,11.98,633610200
5/7/2025,8.39,7.1,3.01,702343550
5/8/2025,7.98,6.46,3.61,716951150
5/9/2025,11.4,12.01,12.88,667567200
5/10/2025,8.56,7.68,4.2,642371800
5/11/2025,7.87,7.45,6.94,662323700
5/12/2025,8.82,8.74,7.2,679482400
5/13/2025,6.88,5.33,1.58,726138800
5/14/2025,8.14,7.29,5.89,711618750
5/15/2025,9.03,8.95,7.76,703439050
5/16/2025,9.93,10.11,9.27,700448950
5/17/2025,10.28,10.49,9.4,636258000
5/18/2025,7.36,6.51,6.33,668534500
5/19/2025,8.88,9.01,8,687276100
5/20/2025,9.68,9.91,8.09,730702200
5/21/2025,11.89,13.05,13.72,706350650
5/22/2025,11.24,11.73,10.85,680410950
5/23/2025,8.3,7.7,6.98,705451400
5/24/2025,9.59,10.23,10.82,618501500
5/25/2025,7.41,6.83,1.93,626178500
5/26/2025,8.13,7.86,7.23,687668950
5/27/2025,8.8,8.11,7.39,658442700
5/28/2025,8.33,7.45,6.12,690330100
5/29/2025,10.19,10.59,10.9,676307150
5/30/2025,10.31,11.27,11.25,632583900
5/31/2025,7.14,5.81,2.65,640056550
6/1/2025,5.92,4.45,0.51,644394000
6/2/2025,9.42,10,10.82,701647350
6/3/2025,12.98,14.65,16,655064300
6/4/2025,8.27,6.7,3.34,740670800
6/5/2025,6.18,4.85,1.02,744806050
6/6/2025,8.37,7.65,7.17,736391100
6/7/2025,7.54,6.52,4.07,705883350
6/8/2025,8.24,8.53,7.61,680527400
6/9/2025,9.51,10.4,11.24,688499400
6/10/2025,11.64,13.36,13.81,685090500
6/11/2025,12.58,14.18,15.36,684759800
6/12/2025,9.89,10.16,9.85,729631050
6/13/2025,9.02,9.37,9.08,719990150
6/14/2025,9.53,10.03,10.04,654657550
6/15/2025,8.68,8.85,6.34,675394200
6/16/2025,11.71,13.51,11.83,760905450
6/17/2025,12.84,14.16,12.28,812323200
6/18/2025,14.14,16.22,14.66,815614350
6/19/2025,14.42,16.84,16.08,827248450
6/20/2025,13.21,14.46,11.96,805856050
6/21/2025,10.6,10.74,8,749135100
6/22/2025,10.66,11.58,9.47,754840500
6/23/2025,14.79,18.05,19.63,760144050
6/24/2025,16.05,19.38,22.06,777680450
6/25/2025,14.29,16.11,16.28,779208100
6/26/2025,13.47,14.82,15.38,794842400
6/27/2025,11.86,12.4,10.22,804382900
6/28/2025,10,9.9,7.77,797716750
6/29/2025,8.67,8.38,6.83,780876850
6/30/2025,11.56,12.9,11.5,825597200
7/1/2025,14.29,16.48,17.26,853409250
7/2/2025,15.73,18.04,16.46,851864400
7/3/2025,14.51,15.66,16.2,857937650
7/4/2025,15.17,16.91,16.34,867321050
7/5/2025,12.06,12.45,9.89,832826850
7/6/2025,11.18,11.83,8.15,829731100
7/7/2025,16.06,20.2,19.44,920447850
7/8/2025,16.05,18.77,18.52,898249700
7/9/2025,15.1,17.23,18.48,909528700
7/10/2025,14.76,16.45,18.64,892786250
7/11/2025,12.33,13.26,12.31,848133050
7/12/2025,10.25,10.31,8.35,844000000
7/13/2025,9.82,10.21,8.11,856319100
7/14/2025,11.69,13.67,13.09,869337300
7/15/2025,12.67,14.1,13.62,895495400
7/16/2025,11.62,12.53,11.53,867288050
7/17/2025,12.35,13.7,14.41,840119000
7/18/2025,11.97,13.21,12.63,879609050
7/19/2025,9.5,9.67,8.24,844596550
7/20/2025,8.9,9.27,7.9,827343900
7/21/2025,10.07,10.6,9,849479450
7/22/2025,11.93,12.86,11.4,907677700
7/23/2025,12.67,13.78,13.36,929806300
7/24/2025,13.48,15,15.48,922796400
7/25/2025,13.38,14.48,13.84,911072100
7/26/2025,11.74,12.08,10.44,856129800
7/27/2025,11.19,11.58,9.72,822875150
7/28/2025,13.6,15.38,14.73,920327500
7/29/2025,15.64,18.36,14.7,939355100
7/30/2025,12.68,13.67,12.52,935131600
7/31/2025,12.79,14,12.98,924328950
8/1/2025,13.01,14.44,13.92,901666900
8/2/2025,12.15,12.92,10.46,835558900
8/3/2025,11.58,11.94,8.56,842720400
8/4/2025,13.78,15.45,15,925271050
8/5/2025,16.4,18.86,18.69,943580800
8/6/2025,16.89,20.05,20.24,948169800
8/7/2025,15.5,18.11,16.25,900088750
8/8/2025,12.79,13.81,13.95,922911800
8/9/2025,10.66,10.6,9.8,825794450
8/10/2025,10.14,10.61,10.6,763579100
8/11/2025,10.29,10.85,10.62,765015850
8/12/2025,10.27,11.04,10.7,794264550
8/13/2025,8.62,8.13,6.91,853988450
8/14/2025,8.81,9.16,7.58,835797850
8/15/2025,8.41,8.63,7.55,839696750
8/16/2025,8.78,8.93,7.8,809787200
8/17/2025,9.08,9.23,8.02,815404250
8/18/2025,12.12,13.49,13.07,896045900
8/19/2025,12.47,13.65,12.61,900328350
8/20/2025,13.05,14.38,14.64,903105000
8/21/2025,13.42,15.12,15.56,912883250
8/22/2025,13.22,14.89,15.41,888760450
8/23/2025,10.81,11.19,10.4,845021400
8/24/2025,11.06,11.73,10.14,817067500
8/25/2025,13.37,15.48,17.2,885842250
8/26/2025,13.22,14.67,14.9,904573550
8/27/2025,13.42,15.25,16.82,912112700
8/28/2025,12.5,13.68,13.22,882405850
8/29/2025,12.97,14.59,14.43,880911550
8/30/2025,11.47,11.81,10.37,849071800
8/31/2025,11.22,11.79,10.12,817969050
9/1/2025,14.63,17.46,17.13,927607400
9/2/2025,15.1,17.24,18.54,916155450
9/3/2025,15.27,17.93,17.19,918957050
9/4/2025,13.64,15.54,18.35,826215700
9/5/2025,13.77,15.74,16.95,824124600
9/6/2025,9.97,10.21,7.81,831872300
9/7/2025,10.09,10.58,8.48,836545300
9/8/2025,13.17,15.58,16.26,878549550
9/9/2025,13.74,15.63,17.03,888086550
9/10/2025,13.49,15.37,16.54,866298000
9/11/2025,12.84,14.65,16.22,842965450
9/12/2025,11.2,11.45,10.47,826312550
9/13/2025,10.73,11.28,10.97,781073250
9/14/2025,10.87,11.42,9.09,804004150
9/15/2025,11.71,12.57,10.73,816227100
9/16/2025,13.53,15.48,15.32,890592950
9/17/2025,14.38,16.63,15.09,857399600
9/18/2025,14.43,16.71,18.24,855746400
9/19/2025,10.63,10.78,9.77,814143500
9/20/2025,10.58,10.97,10.68,737203200
9/21/2025,8.32,7.59,6.9,776811950
9/22/2025,9.27,9.68,8.7,797225750
9/23/2025,8.78,8.88,7.99,754535100
9/24/2025,9.38,9.93,9.71,791263900
9/25/2025,10.23,10.98,11.16,788251050
9/26/2025,10.31,10.72,10.18,818831250
9/27/2025,9.16,8.83,7.78,767539100
9/28/2025,8.84,8.76,7.93,732848450
9/29/2025,10.44,11.04,10.64,790692800
9/30/2025,10.15,10.15,9.96,798866700
10/1/2025,11.51,12.45,11.7,742338850
10/2/2025,10.3,10.45,8.77,787318300
10/3/2025,11.93,13.12,14.53,757004400
10/4/2025,10.7,10.63,10.31,710213100
10/5/2025,10.19,10.17,9.5,715424450
10/6/2025,11.6,12.16,11.55,787103150
10/7/2025,11.87,12.42,11.55,766544050
10/8/2025,12.72,13.83,13.3,785397050
10/9/2025,11.53,11.79,10.6,752669500
10/10/2025,11.03,11.08,10.18,748291250
10/11/2025,11.31,11.68,11.08,662529950
10/12/2025,10.6,10.62,8.92,694546000
10/13/2025,11.71,12.42,10.32,699115250
10/14/2025,13.52,15,16.38,725136350
10/15/2025,14.06,15.11,15.51,720032600
10/16/2025,15.45,18.31,21.27,707696400
10/17/2025,11.7,11.91,10.11,763211400
10/18/2025,11.24,11.41,11.73,678515500
10/19/2025,10.16,10.07,8.62,667145550
10/20/2025,11.4,11.91,11.46,702084950
10/21/2025,12.66,13.69,13.26,683161150
10/22/2025,13.6,15.24,16.9,660971550
10/23/2025,11.55,11.58,9.33,712098950
10/24/2025,10.93,10.82,9.06,722871950
10/25/2025,11.08,10.87,10.92,653152450
10/26/2025,10.72,10.59,9.57,626255250
10/27/2025,10.19,10.16,8.76,748754850
10/28/2025,10.83,10.79,8.53,744129750
10/29/2025,10.96,10.68,8.85,734087350
10/30/2025,11.13,10.71,8.49,744113850
10/31/2025,13.43,14.71,15.67,676948550
11/1/2025,8.9,8.03,6.56,705831300
11/2/2025,8.37,7.58,7.3,686092000
11/3/2025,9.59,9.31,7.93,694846200
11/4/2025,10.65,10.41,8.71,734001550
11/5/2025,11.23,11.36,10.6,720715300
11/6/2025,10.8,10.73,9.95,699943250
11/7/2025,10.58,9.96,9.09,757313250
11/8/2025,10.5,9.68,8.62,693608200
11/9/2025,11.45,11.71,11.05,630759850
11/10/2025,10.8,10.66,9.15,741034200
11/11/2025,11.48,11.31,9.71,732965350
11/12/2025,12.02,12.19,11.59,729137950
11/13/2025,12.84,13.64,13.43,689329750
11/14/2025,11.15,10.96,9.48,740672450
11/15/2025,9.89,8.58,7.26,683742500
11/16/2025,8.71,7.21,5.14,661835200
11/17/2025,9.79,9.71,9.13,743733900
11/18/2025,12.11,12.75,11.55,753185700
11/19/2025,12.82,13.24,11.71,767166000
11/20/2025,12.07,12.24,10.43,777166200
11/21/2025,10.82,10.64,9.1,762853050
11/22/2025,8.71,7.37,5.02,731360850
11/23/2025,8.56,7.16,4.52,682117350
11/24/2025,10.2,9.86,8.52,696885750
11/25/2025,12,12.31,11.53,714592100
11/26/2025,11.48,11.46,9.87,739407700
11/27/2025,11.42,11.17,10.36,755739950
11/28/2025,10.45,10.26,9.14,782274850
11/29/2025,9.14,8.02,6.47,744256350
11/30/2025,7.9,6.46,4.24,725669550
12/1/2025,10.24,10.14,9.4,775327050
12/2/2025,11.23,11.32,11.37,757805750
12/3/2025,12.7,13.74,13.13,771967500
12/4/2025,13.01,13.5,11.93,817498650
12/5/2025,13.24,13.78,11.64,808579000
12/6/2025,11.29,10.66,8.71,765712150
12/7/2025,9.86,9.1,8.16,746776350
12/8/2025,10.62,10.86,9.93,775636800
12/9/2025,11.71,12.11,10.37,804955500
12/10/2025,12.51,12.7,11.32,794847750
12/11/2025,11.82,12.08,10.98,794385450
12/12/2025,12.59,13.33,11.45,831528250
12/13/2025,11.21,11.31,10.13,764727300
12/14/2025,10.19,10,8.67,709793350
12/15/2025,10.84,11.16,9.45,812281750
12/16/2025,10.78,10.86,9.84,800068550
12/17/2025,10.96,11.31,10.99,782054950
12/18/2025,10.31,10.43,8.84,791284800
12/19/2025,10.74,10.53,9.57,770986900
12/20/2025,9.11,9.03,8.82,721315300
12/21/2025,9.09,9.3,8.75,706138000
12/22/2025,9.65,10.14,9.04,776589500
12/23/2025,9.94,9.8,8.78,784752900
12/24/2025,11.01,12.17,12.58,759227350
12/25/2025,10.22,10.82,10.46,737109550
12/26/2025,9.79,10.03,9.21,803818300
12/27/2025,9.41,9.28,8.28,791287400
12/28/2025,8.83,8.33,6.89,802198500
12/29/2025,8.98,8.65,7.66,778759050
12/30/2025,8.21,7.66,6.25,736229150
12/31/2025,7.86,7.09,5.87,745678600
1/1/2026,8.91,8.63,7.18,745575450
1/2/2026,9.71,9.5,8.36,740468350
1/3/2026,9.27,8.86,7.21,739208800
1/4/2026,9.43,9.17,7.49,772421500
1/5/2026,10.61,11.04,9.93,785268900
1/6/2026,10.85,11.32,8.85,835427350
1/7/2026,11.23,11.46,8.73,822304900
1/8/2026,11.26,11.82,9.66,848326050
1/9/2026,11.51,11.83,8.91,852425750
1/10/2026,9.37,8.82,7.91,776107250
1/11/2026,9.43,9.42,8.31,776535000
1/12/2026,10.56,10.74,8.55,803333100
1/13/2026,10.61,10.53,8.88,818265300
1/14/2026,11.55,11.89,9.42,847274800
1/15/2026,11.43,11.7,9.9,826439100
1/16/2026,9.74,9.46,8,810037600
1/17/2026,8.63,7.72,4.66,777148350
1/18/2026,8.33,7.53,4.22,781242000
1/19/2026,11.32,11.86,9.28,795598250
1/20/2026,11.49,12.55,10.16,833243800
1/21/2026,13.37,14.14,10.2,868790250
1/22/2026,14,15.05,10.5,889294250
1/23/2026,13.28,14.04,10.69,900823750
1/24/2026,11.93,11.73,8.91,810787900
